{
  "best_metric": null,
  "best_model_checkpoint": null,
  "epoch": 14.0,
  "eval_steps": 500,
  "global_step": 686,
  "is_hyper_param_search": false,
  "is_local_process_zero": true,
  "is_world_process_zero": true,
  "log_history": [
    {
      "epoch": 1.0,
      "grad_norm": 0.23859862983226776,
      "learning_rate": 1.8802721088435376e-05,
      "loss": 1.1887,
      "step": 49
    },
    {
      "epoch": 1.0,
      "eval_loss": 0.04680493101477623,
      "eval_runtime": 1.6069,
      "eval_samples_per_second": 485.4,
      "eval_steps_per_second": 30.493,
      "step": 49
    },
    {
      "epoch": 2.0,
      "grad_norm": 0.2455821931362152,
      "learning_rate": 1.7469387755102043e-05,
      "loss": 0.0389,
      "step": 98
    },
    {
      "epoch": 2.0,
      "eval_loss": 0.02723013609647751,
      "eval_runtime": 1.6795,
      "eval_samples_per_second": 464.418,
      "eval_steps_per_second": 29.175,
      "step": 98
    },
    {
      "epoch": 3.0,
      "grad_norm": 0.22955864667892456,
      "learning_rate": 1.613605442176871e-05,
      "loss": 0.0255,
      "step": 147
    },
    {
      "epoch": 3.0,
      "eval_loss": 0.018214164301753044,
      "eval_runtime": 1.6957,
      "eval_samples_per_second": 459.995,
      "eval_steps_per_second": 28.897,
      "step": 147
    },
    {
      "epoch": 4.0,
      "grad_norm": 0.23558788001537323,
      "learning_rate": 1.4802721088435375e-05,
      "loss": 0.0192,
      "step": 196
    },
    {
      "epoch": 4.0,
      "eval_loss": 0.013475692830979824,
      "eval_runtime": 1.592,
      "eval_samples_per_second": 489.946,
      "eval_steps_per_second": 30.779,
      "step": 196
    },
    {
      "epoch": 5.0,
      "grad_norm": 0.19970275461673737,
      "learning_rate": 1.3469387755102042e-05,
      "loss": 0.0155,
      "step": 245
    },
    {
      "epoch": 5.0,
      "eval_loss": 0.010494515299797058,
      "eval_runtime": 1.5644,
      "eval_samples_per_second": 498.581,
      "eval_steps_per_second": 31.321,
      "step": 245
    },
    {
      "epoch": 6.0,
      "grad_norm": 0.26523590087890625,
      "learning_rate": 1.2136054421768709e-05,
      "loss": 0.0127,
      "step": 294
    },
    {
      "epoch": 6.0,
      "eval_loss": 0.008359597995877266,
      "eval_runtime": 1.6013,
      "eval_samples_per_second": 487.094,
      "eval_steps_per_second": 30.599,
      "step": 294
    },
    {
      "epoch": 7.0,
      "grad_norm": 0.18019473552703857,
      "learning_rate": 1.0802721088435374e-05,
      "loss": 0.0108,
      "step": 343
    },
    {
      "epoch": 7.0,
      "eval_loss": 0.006830624304711819,
      "eval_runtime": 1.6765,
      "eval_samples_per_second": 465.252,
      "eval_steps_per_second": 29.227,
      "step": 343
    },
    {
      "epoch": 8.0,
      "grad_norm": 0.16613267362117767,
      "learning_rate": 9.469387755102041e-06,
      "loss": 0.009,
      "step": 392
    },
    {
      "epoch": 8.0,
      "eval_loss": 0.00597692746669054,
      "eval_runtime": 1.6068,
      "eval_samples_per_second": 485.433,
      "eval_steps_per_second": 30.495,
      "step": 392
    },
    {
      "epoch": 9.0,
      "grad_norm": 0.20388154685497284,
      "learning_rate": 8.136054421768708e-06,
      "loss": 0.0082,
      "step": 441
    },
    {
      "epoch": 9.0,
      "eval_loss": 0.00500807911157608,
      "eval_runtime": 1.8024,
      "eval_samples_per_second": 432.761,
      "eval_steps_per_second": 27.186,
      "step": 441
    },
    {
      "epoch": 10.0,
      "grad_norm": 0.2099669724702835,
      "learning_rate": 6.8027210884353745e-06,
      "loss": 0.0074,
      "step": 490
    },
    {
      "epoch": 10.0,
      "eval_loss": 0.0044111404567956924,
      "eval_runtime": 1.5923,
      "eval_samples_per_second": 489.849,
      "eval_steps_per_second": 30.773,
      "step": 490
    },
    {
      "epoch": 11.0,
      "grad_norm": 0.178187757730484,
      "learning_rate": 5.4693877551020415e-06,
      "loss": 0.0066,
      "step": 539
    },
    {
      "epoch": 11.0,
      "eval_loss": 0.004029680509120226,
      "eval_runtime": 1.5881,
      "eval_samples_per_second": 491.151,
      "eval_steps_per_second": 30.854,
      "step": 539
    },
    {
      "epoch": 12.0,
      "grad_norm": 0.18478471040725708,
      "learning_rate": 4.136054421768708e-06,
      "loss": 0.0062,
      "step": 588
    },
    {
      "epoch": 12.0,
      "eval_loss": 0.0037314672954380512,
      "eval_runtime": 1.7098,
      "eval_samples_per_second": 456.195,
      "eval_steps_per_second": 28.658,
      "step": 588
    },
    {
      "epoch": 13.0,
      "grad_norm": 0.17493905127048492,
      "learning_rate": 2.8027210884353746e-06,
      "loss": 0.0059,
      "step": 637
    },
    {
      "epoch": 13.0,
      "eval_loss": 0.003557775402441621,
      "eval_runtime": 1.8253,
      "eval_samples_per_second": 427.323,
      "eval_steps_per_second": 26.845,
      "step": 637
    },
    {
      "epoch": 14.0,
      "grad_norm": 0.16681551933288574,
      "learning_rate": 1.469387755102041e-06,
      "loss": 0.0055,
      "step": 686
    },
    {
      "epoch": 14.0,
      "eval_loss": 0.0034492395352572203,
      "eval_runtime": 1.5865,
      "eval_samples_per_second": 491.656,
      "eval_steps_per_second": 30.886,
      "step": 686
    }
  ],
  "logging_steps": 500,
  "max_steps": 735,
  "num_input_tokens_seen": 0,
  "num_train_epochs": 15,
  "save_steps": 500,
  "stateful_callbacks": {
    "TrainerControl": {
      "args": {
        "should_epoch_stop": false,
        "should_evaluate": false,
        "should_log": false,
        "should_save": true,
        "should_training_stop": false
      },
      "attributes": {}
    }
  },
  "total_flos": 370170145013760.0,
  "train_batch_size": 16,
  "trial_name": null,
  "trial_params": null
}
